<?xml version='1.0' encoding='UTF-8'?>
<metadata>
  <idinfo>
    <citation>
      <citeinfo>
        <origin>Katharine R. Kolb</origin>
        <origin>Tara A. Gross</origin>
        <origin>Jonathan W. Musser</origin>
        <origin>Taylor H. Rowley</origin>
        <pubdate>20211213</pubdate>
        <title>Point Locations of Dams in South Carolina, derived from U.S. Army Corps Engineers National Inventory of Dams</title>
        <geoform>vector digital data</geoform>
        <onlink>https://doi.org/10.5066/P9VGNFBO</onlink>
      </citeinfo>
    </citation>
    <descript>
      <abstract>Reliable peak-streamflow information is critical for proper design of stream-related
infrastructure, such as bridges, and StreamStats provides a user-friendly interface to
estimate peak flows (https://streamstats.usgs.gov/ss/). StreamStats develops these peak-flow estimates using basin characteristics for the entire contributing area to a user-selected point; however, infrastructure planners often need to estimate flows for an area downstream from a known control such as a reservoir release or a weir. This dataset was compiled in cooperation with the South Carolina Department of Transportation (SCDOT) to provide a Geographic Information Systems layer of filtered regulation points from the National Inventory of Dams and StreamStats-derived basin polygons for associated points from the U.S. Army Corps Engineers (USACE) National Inventory of Dams and upstream basin polygons for those points, for use within the South Carolina StreamStats client application. A select few basin characteristics were computed for each basin in the polygon dataset to enable the application to estimate flows above and below each regulation point and better assist SCDOT personnel when designing new or revising existing stream-related infrastructure.</abstract>
      <purpose>These data were compiled for use within the South Carolina StreamStats application. These data provide point locations where regulation occurs on streams in South Carolina and adjacent states so that the South Carolina StreamStats application might be able to calculate basin characteristics for areas upstream from a user-selected location.</purpose>
    </descript>
    <timeperd>
      <timeinfo>
        <rngdates>
          <begdate>1700</begdate>
          <enddate>2018</enddate>
        </rngdates>
      </timeinfo>
      <current>observed</current>
    </timeperd>
    <status>
      <progress>Complete</progress>
      <update>None planned</update>
    </status>
    <spdom>
      <bounding>
        <westbc>-83.5583</westbc>
        <eastbc>-78.4432</eastbc>
        <northbc>35.5066</northbc>
        <southbc>32.1668</southbc>
      </bounding>
    </spdom>
    <keywords>
      <theme>
        <themekt>Alexandria Digital Library Feature Type Thesaurus</themekt>
        <themekey>bridges</themekey>
        <themekey>dam sites</themekey>
      </theme>
      <theme>
        <themekt>USGS Thesaurus</themekt>
        <themekey>watershed management</themekey>
      </theme>
      <theme>
        <themekt>USGS Metadata Identifier</themekt>
        <themekey>USGS:6154a155d34e0df5fb9d801a</themekey>
      </theme>
      <place>
        <placekt>None</placekt>
        <placekey>South Carolina</placekey>
        <placekey>Georgia</placekey>
        <placekey>North Carolina</placekey>
        <placekey>Region 1</placekey>
        <placekey>Region 2</placekey>
        <placekey>Region 3</placekey>
        <placekey>Region 4</placekey>
        <placekey>Region 5</placekey>
      </place>
    </keywords>
    <accconst>None. Please see 'Distribution Info' for details.</accconst>
    <useconst>None. Users are advised to read the dataset's metadata thoroughly to understand appropriate use and data limitations.</useconst>
    <ptcontac>
      <cntinfo>
        <cntperp>
          <cntper>Katharine Kolb</cntper>
          <cntorg>U.S. Geological Survey, Southeast Region</cntorg>
        </cntperp>
        <cntpos>Geographer</cntpos>
        <cntaddr>
          <addrtype>mailing address</addrtype>
          <address>810 Tyvola Rd</address>
          <city>Charlotte</city>
          <state>NC</state>
          <postal>28217</postal>
          <country>US</country>
        </cntaddr>
        <cntvoice>704-790-2612</cntvoice>
        <cntfax>704-790-2607</cntfax>
        <cntemail>kkolb@usgs.gov</cntemail>
      </cntinfo>
    </ptcontac>
    <datacred>South Carolina Department of Transportation</datacred>
    <native>Data are provided in shapefile format and may be opened using ESRI or other geospatial information system software packages. Data were processed using ESRI ArcGIS Pro (https://pro.arcgis.com/en/pro-app/latest/get-started/get-started.htm) version 2.6.</native>
  </idinfo>
  <dataqual>
    <attracc>
      <attraccr>Verified that attribute values were within expected bounds. See specific metadata files for more details.</attraccr>
    </attracc>
    <logic>No logical consistency report was done.</logic>
    <complete>This dataset includes only dams with a drainage area of at least 1 square mile and found in South Carolina or in adjacent states and within basins that can be delineated from South Carolina’s StreamStats application.</complete>
    <posacc>
      <horizpa>
        <horizpar>A formal accuracy assessment of the horizontal positional information in the dataset has not been conducted.</horizpar>
      </horizpa>
      <vertacc>
        <vertaccr>A formal accuracy assessment of the vertical positional information in the dataset has either not been conducted or is not applicable.</vertaccr>
      </vertacc>
    </posacc>
    <lineage>
      <srcinfo>
        <srccite>
          <citeinfo>
            <origin>U.S. Army Corps of Engineers</origin>
            <pubdate>2020</pubdate>
            <title>Point locations of dams within South Carolina</title>
            <geoform>tabular digital data</geoform>
            <onlink>https://nid.usace.army.mil/</onlink>
          </citeinfo>
        </srccite>
        <typesrc>Digital and/or Hardcopy</typesrc>
        <srctime>
          <timeinfo>
            <rngdates>
              <begdate>1700</begdate>
              <enddate>2018</enddate>
            </rngdates>
          </timeinfo>
          <srccurr>publication date</srccurr>
        </srctime>
        <srccitea>National Inventory of Dams</srccitea>
        <srccontr>Source information used in support of the development of the dataset.</srccontr>
      </srcinfo>
      <procstep>
        <procdesc>Site list was filtered to include only dams with a drainage area of at least 1 square mile and located within South Carolina as well as a few dams in adjacent states within basins that could be delineated by the South Carolina StreamStats application. Dam points in South Carolina were snapped to the South Carolina StreamStats str900 raster dataset, dam points in Georgia were snapped to the Georgia StreamStats str900 raster dataset, and dam points in North Carolina were snapped to the North Carolina StreamStats str900 raster dataset. In cases where multiple points exist for a single structure, a single point was chosen based on water outflow. Str900 datasets can be obtained by contacting the data originator.</procdesc>
        <procdate>2021</procdate>
      </procstep>
    </lineage>
  </dataqual>
  <spdoinfo>
    <direct>Point</direct>
    <ptvctinf>
      <sdtsterm>
        <sdtstype>Entity point</sdtstype>
        <ptvctcnt>1152</ptvctcnt>
      </sdtsterm>
    </ptvctinf>
  </spdoinfo>
  <spref>
    <horizsys>
      <planar>
        <gridsys>
          <gridsysn>State Plane Coordinate System 1983</gridsysn>
          <spcs>
            <spcszone>3900</spcszone>
            <lambertc>
              <stdparll>32.5</stdparll>
              <stdparll>34.83333333333334</stdparll>
              <longcm>-81.0</longcm>
              <latprjo>0.0</latprjo>
              <feast>2000000.0</feast>
              <fnorth>0.0</fnorth>
            </lambertc>
          </spcs>
        </gridsys>
        <planci>
          <plance>coordinate pair</plance>
          <coordrep>
            <absres>0.6096</absres>
            <ordres>0.6096</ordres>
          </coordrep>
          <plandu>International feet</plandu>
        </planci>
      </planar>
      <geodetic>
        <horizdn>North_American_Datum_1983</horizdn>
        <ellips>GRS_1980</ellips>
        <semiaxis>6378137.0</semiaxis>
        <denflat>298.257222101</denflat>
      </geodetic>
    </horizsys>
  </spref>
  <eainfo>
    <detailed>
      <enttyp>
        <enttypl>dams.shp Attribute Table</enttypl>
        <enttypd>Table containing attribute information associated with the data set.</enttypd>
        <enttypds>Producer Defined</enttypds>
      </enttyp>
      <attr>
        <attrlabl>FID</attrlabl>
        <attrdef>Internal feature number.</attrdef>
        <attrdefs>Esri</attrdefs>
        <attrdomv>
          <udom>Sequential unique whole numbers that are automatically generated.</udom>
        </attrdomv>
      </attr>
      <attr>
        <attrlabl>Shape</attrlabl>
        <attrdef>Feature geometry.</attrdef>
        <attrdefs>Esri</attrdefs>
        <attrdomv>
          <udom>Coordinates defining the point features.</udom>
        </attrdomv>
      </attr>
      <attr>
        <attrlabl>NAME</attrlabl>
        <attrdef>National Inventory of Dams ID</attrdef>
        <attrdefs>IDs were supplied by National Inventory of Dams</attrdefs>
        <attrdomv>
          <udom>IDs were assigned by National Inventory of Dams</udom>
        </attrdomv>
      </attr>
      <attr>
        <attrlabl>Source</attrlabl>
        <attrdef>Data source agency</attrdef>
        <attrdefs>Single data source is supplied by data originator</attrdefs>
        <attrdomv>
          <udom>All points were sources from National Inventory of Dams (NID)</udom>
        </attrdomv>
      </attr>
    </detailed>
  </eainfo>
  <distinfo>
    <distrib>
      <cntinfo>
        <cntorgp>
          <cntorg>U.S. Geological Survey</cntorg>
          <cntper>GS ScienceBase</cntper>
        </cntorgp>
        <cntaddr>
          <addrtype>mailing address</addrtype>
          <address>Denver Federal Center, Building 810, Mail Stop 302</address>
          <city>Denver</city>
          <state>CO</state>
          <postal>80225</postal>
          <country>United States</country>
        </cntaddr>
        <cntvoice>1-888-275-8747</cntvoice>
        <cntemail>sciencebase@usgs.gov</cntemail>
      </cntinfo>
    </distrib>
    <distliab>Unless otherwise stated, all data, metadata and related materials are considered to satisfy the quality standards relative to the purpose for which the data were collected. Although these data and associated metadata have been reviewed for accuracy and completeness and approved for release by the U.S. Geological Survey (USGS), no warranty expressed or implied is made regarding the display or utility of the data for other purposes, nor on all computer systems, nor shall the act of distribution constitute any such warranty. Any use of trade, firm, or product names is for descriptive purposes only and does not imply endorsement by the U.S. Government.</distliab>
    <stdorder>
      <digform>
        <digtinfo>
          <formname>Digital Data</formname>
        </digtinfo>
        <digtopt>
          <onlinopt>
            <computer>
              <networka>
                <networkr>https://doi.org/10.5066/P9VGNFBO</networkr>
              </networka>
            </computer>
          </onlinopt>
        </digtopt>
      </digform>
      <fees>None. No fees are applicable for obtaining the dataset.</fees>
    </stdorder>
  </distinfo>
  <metainfo>
    <metd>20211213</metd>
    <metc>
      <cntinfo>
        <cntperp>
          <cntper>Tara A Gross</cntper>
          <cntorg>U.S. Geological Survey, ROCKY MOUNTAIN REGION</cntorg>
        </cntperp>
        <cntpos>IT Specialist</cntpos>
        <cntaddr>
          <addrtype>mailing address</addrtype>
          <address>Mail Stop 415, W 6th Ave Kipling St</address>
          <city>Lakewood</city>
          <state>CO</state>
          <postal>80225</postal>
          <country>US</country>
        </cntaddr>
        <cntvoice>303-236-6933</cntvoice>
        <cntfax>303-236-4912</cntfax>
        <cntemail>tgross@usgs.gov</cntemail>
      </cntinfo>
    </metc>
    <metstdn>FGDC Content Standard for Digital Geospatial Metadata</metstdn>
    <metstdv>FGDC-STD-001-1998</metstdv>
  </metainfo>
</metadata>
